Logistic Regression,10.403428925408258
KNN,7.656094137827555
Decision Tree,8.327748632431032
SVM,165.6191143035889
