Logistic Regression,0.5903334283828736
KNN,0.06774130026499431
Decision Tree,0.0735172446568807
SVM,162.1726274808248
