Logistic Regression,0.702741405169169
KNN,0.32946356296539314
Decision Tree,0.3062058146794637
SVM,107.85809806717766
